OrderID,Date,Product,Category,Quantity,Price,Region
1001,2023-06-20,Laptop,Electronics,7,256,West
1002,2023-01-18,Laptop,Electronics,5,690,West
1003,2023-09-16,Jeans,Apparel,4,159,West
1004,2023-04-16,Notebook,Books,8,32,North
1005,2023-06-28,Laptop,Electronics,9,311,North
1006,2023-08-30,Pen,Books,3,35,East
1007,2023-11-30,Headphones,Electronics,3,656,East
1008,2023-02-12,Laptop,Electronics,10,344,South
1009,2023-04-29,Pen,Books,2,11,South
1010,2023-06-01,Jeans,Apparel,9,665,South
1011,2023-06-26,Notebook,Books,8,36,South
1012,2023-05-27,T-shirt,Apparel,8,365,East
1013,2023-11-08,Shirt,Apparel,1,795,East
1014,2023-03-25,Laptop,Electronics,3,213,West
1015,2023-02-02,Laptop,Electronics,9,715,West
1016,2023-11-09,Laptop,Electronics,3,626,West
1017,2023-09-28,Notebook,Books,9,39,South
1018,2023-10-02,Headphones,Electronics,9,50,West
1019,2023-01-20,T-shirt,Apparel,5,201,North
1020,2023-01-09,Pen,Books,5,49,West
1021,2023-07-17,Headphones,Electronics,2,281,South
1022,2023-03-01,Jeans,Apparel,2,582,East
1023,2023-08-13,Jeans,Apparel,1,81,West
1024,2023-09-21,Phone,Electronics,10,634,North
1025,2023-08-03,Pen,Books,9,31,West
1026,2023-05-31,Shirt,Apparel,6,789,West
1027,2023-02-23,Book,Books,4,33,East
1028,2023-08-10,Headphones,Electronics,5,373,West
1029,2023-04-18,Jeans,Apparel,1,423,South
1030,2023-10-30,Pen,Books,4,49,North
1031,2023-11-07,T-shirt,Apparel,8,680,West
1032,2023-03-24,Shirt,Apparel,10,347,East
1033,2023-11-16,Pen,Books,10,13,North
1034,2023-03-18,Jeans,Apparel,6,685,North
1035,2023-10-20,T-shirt,Apparel,5,80,East
1036,2023-08-22,Shirt,Apparel,4,281,East
1037,2023-08-10,Jeans,Apparel,9,350,South
1038,2023-10-27,T-shirt,Apparel,1,255,West
1039,2023-08-05,Laptop,Electronics,9,357,East
1040,2023-03-16,T-shirt,Apparel,3,552,East
1041,2023-04-24,Book,Books,7,46,South
1042,2023-04-03,Phone,Electronics,10,698,South
1043,2023-02-22,Headphones,Electronics,4,335,South
1044,2023-01-29,Book,Books,2,45,East
1045,2023-11-22,Phone,Electronics,7,230,South
1046,2023-07-06,Headphones,Electronics,9,396,South
1047,2023-06-17,Shirt,Apparel,10,795,East
1048,2023-12-22,T-shirt,Apparel,3,140,East
1049,2023-12-27,Notebook,Books,7,34,North
1050,2023-10-01,Jeans,Apparel,8,331,West
1051,2023-02-19,Pen,Books,10,49,West
1052,2023-06-08,Notebook,Books,2,35,East
1053,2023-12-24,Notebook,Books,5,49,East
1054,2023-05-28,Jeans,Apparel,8,452,South
1055,2023-11-02,Shirt,Apparel,2,347,South
1056,2023-01-28,Jeans,Apparel,4,544,West
1057,2023-02-09,Jeans,Apparel,7,374,West
1058,2023-09-05,Book,Books,4,7,South
1059,2023-08-12,Headphones,Electronics,1,506,West
1060,2023-02-23,Laptop,Electronics,4,623,North
1061,2023-11-09,Book,Books,8,7,West
1062,2023-11-16,Book,Books,6,17,East
1063,2023-02-04,Jeans,Apparel,8,415,West
1064,2023-03-29,Notebook,Books,8,21,South
1065,2023-03-15,Book,Books,9,6,South
1066,2023-05-15,Jeans,Apparel,4,730,North
1067,2023-12-25,Laptop,Electronics,5,516,West
1068,2023-04-01,Headphones,Electronics,8,637,South
1069,2023-09-09,Notebook,Books,4,22,West
1070,2023-11-08,Laptop,Electronics,4,242,North
1071,2023-02-10,Book,Books,7,18,South
1072,2023-03-04,Jeans,Apparel,4,446,North
1073,2023-07-13,Book,Books,7,39,South
1074,2023-08-08,Book,Books,10,42,South
1075,2023-11-08,Pen,Books,4,41,South
1076,2023-08-27,Notebook,Books,5,6,South
1077,2023-11-25,T-shirt,Apparel,10,340,South
1078,2023-06-06,Laptop,Electronics,6,406,South
1079,2023-12-19,Phone,Electronics,2,425,North
1080,2023-10-26,Shirt,Apparel,3,798,East
1081,2023-02-19,Headphones,Electronics,10,690,East
1082,2023-11-11,Shirt,Apparel,1,108,North
1083,2023-03-09,Pen,Books,7,28,West
1084,2023-07-30,T-shirt,Apparel,1,244,West
1085,2023-04-13,Jeans,Apparel,8,357,East
1086,2023-09-29,Shirt,Apparel,8,354,East
1087,2023-11-17,T-shirt,Apparel,2,218,West
1088,2023-08-20,Notebook,Books,2,14,South
1089,2023-08-05,Phone,Electronics,7,193,West
1090,2023-05-11,Pen,Books,1,12,South
1091,2023-01-30,Headphones,Electronics,3,181,East
1092,2023-04-01,Pen,Books,2,22,East
1093,2023-11-15,Notebook,Books,1,9,East
1094,2023-04-10,Pen,Books,1,39,West
1095,2023-08-14,Laptop,Electronics,9,514,North
1096,2023-10-16,Shirt,Apparel,7,387,West
1097,2023-09-04,Shirt,Apparel,5,243,North
1098,2023-04-25,Phone,Electronics,10,768,East
1099,2023-08-02,Book,Books,2,5,West
1100,2023-10-20,Phone,Electronics,9,258,North
1101,2023-04-09,Notebook,Books,3,17,South
1102,2023-05-22,Phone,Electronics,1,613,South
1103,2023-01-13,Laptop,Electronics,2,419,North
1104,2023-05-07,Jeans,Apparel,3,735,West
1105,2023-04-17,Book,Books,5,25,North
1106,2023-04-11,Laptop,Electronics,9,332,East
1107,2023-09-20,Pen,Books,5,43,North
1108,2023-06-01,Jeans,Apparel,1,601,North
1109,2023-07-13,Notebook,Books,3,8,South
1110,2023-07-26,Notebook,Books,4,28,North
1111,2023-08-03,Notebook,Books,8,47,West
1112,2023-06-30,Pen,Books,2,50,East
1113,2023-06-10,T-shirt,Apparel,4,366,West
1114,2023-11-29,Shirt,Apparel,5,196,South
1115,2023-12-17,Phone,Electronics,3,97,South
1116,2023-04-02,Phone,Electronics,3,342,South
1117,2023-02-01,Jeans,Apparel,7,745,East
1118,2023-10-20,Headphones,Electronics,8,585,West
1119,2023-08-08,Laptop,Electronics,9,432,West
1120,2023-01-08,Shirt,Apparel,2,552,South
1121,2023-05-26,Pen,Books,7,24,East
1122,2023-04-05,Book,Books,9,18,West
1123,2023-10-12,Shirt,Apparel,4,177,West
1124,2023-09-29,Book,Books,7,38,North
1125,2023-11-17,Jeans,Apparel,1,739,South
1126,2023-03-30,T-shirt,Apparel,4,395,South
1127,2023-12-20,Shirt,Apparel,7,530,West
1128,2023-12-31,Phone,Electronics,4,464,North
1129,2023-06-25,Pen,Books,10,46,South
1130,2023-11-04,Notebook,Books,1,50,East
1131,2023-11-12,Shirt,Apparel,8,117,North
1132,2023-10-12,Book,Books,2,50,South
1133,2023-03-24,Notebook,Books,2,15,North
1134,2023-10-31,Phone,Electronics,10,593,East
1135,2023-10-28,Phone,Electronics,2,514,East
1136,2023-05-02,Notebook,Books,8,12,East
1137,2023-07-14,Shirt,Apparel,9,582,East
1138,2023-02-01,Book,Books,3,20,West
1139,2023-10-25,Laptop,Electronics,7,206,North
1140,2023-09-16,Notebook,Books,7,35,East
1141,2023-06-14,Book,Books,3,49,South
1142,2023-10-12,Notebook,Books,3,34,South
1143,2023-09-01,Phone,Electronics,3,708,South
1144,2023-07-06,Phone,Electronics,1,303,North
1145,2023-08-22,T-shirt,Apparel,2,613,East
1146,2023-06-04,Notebook,Books,4,11,East
1147,2023-12-03,Phone,Electronics,6,643,South
1148,2023-07-25,Phone,Electronics,3,355,East
1149,2023-05-31,Shirt,Apparel,3,350,West
1150,2023-03-11,Pen,Books,7,37,East
1151,2023-05-05,Shirt,Apparel,10,62,West
1152,2023-06-12,Phone,Electronics,4,381,South
1153,2023-02-05,T-shirt,Apparel,6,278,East
1154,2023-05-27,T-shirt,Apparel,3,414,East
1155,2023-07-13,Notebook,Books,9,28,South
1156,2023-11-14,Phone,Electronics,4,554,West
1157,2023-01-07,Laptop,Electronics,6,773,West
1158,2023-12-30,Book,Books,1,36,West
1159,2023-01-02,Notebook,Books,2,49,West
1160,2023-04-15,Laptop,Electronics,3,74,East
1161,2023-05-29,Book,Books,8,48,West
1162,2023-04-23,Headphones,Electronics,7,112,West
1163,2023-06-15,Notebook,Books,6,13,South
1164,2023-12-30,Headphones,Electronics,3,452,West
1165,2023-07-01,T-shirt,Apparel,7,299,North
1166,2023-07-30,Phone,Electronics,2,308,West
1167,2023-07-21,Book,Books,5,48,West
1168,2023-04-21,Jeans,Apparel,6,569,West
1169,2023-04-06,Headphones,Electronics,5,429,North
1170,2023-01-18,Jeans,Apparel,5,351,North
1171,2023-09-25,Shirt,Apparel,3,544,East
1172,2023-12-30,Laptop,Electronics,7,670,South
1173,2023-09-27,Headphones,Electronics,2,243,East
1174,2023-09-04,Jeans,Apparel,10,413,North
1175,2023-01-09,T-shirt,Apparel,8,676,South
1176,2023-09-03,T-shirt,Apparel,10,433,West
1177,2023-02-23,Book,Books,6,49,East
1178,2023-03-22,Book,Books,5,18,West
1179,2023-05-10,Jeans,Apparel,10,189,West
1180,2023-04-01,Book,Books,8,50,East
1181,2023-12-16,Phone,Electronics,2,455,East
1182,2023-09-15,Jeans,Apparel,2,45,West
1183,2023-05-02,Book,Books,8,30,North
1184,2023-08-02,Laptop,Electronics,8,299,North
1185,2023-11-13,Book,Books,3,30,West
1186,2023-02-26,Jeans,Apparel,10,273,South
1187,2023-02-20,Pen,Books,5,18,North
1188,2023-07-02,Shirt,Apparel,3,467,East
1189,2023-03-28,Shirt,Apparel,2,393,West
1190,2023-06-10,Headphones,Electronics,7,420,North
1191,2023-01-13,Book,Books,8,12,North
1192,2023-06-26,T-shirt,Apparel,4,95,North
1193,2023-03-31,Shirt,Apparel,6,10,North
1194,2023-07-12,Headphones,Electronics,5,547,West
1195,2023-07-13,Phone,Electronics,7,145,South
1196,2023-04-07,Shirt,Apparel,5,15,West
1197,2023-07-25,Notebook,Books,5,38,South
1198,2023-04-01,T-shirt,Apparel,7,682,South
1199,2023-07-06,Jeans,Apparel,3,258,West
1200,2023-02-25,Phone,Electronics,9,476,West
1201,2023-03-06,Shirt,Apparel,4,308,South
1202,2023-12-16,Laptop,Electronics,5,445,East
1203,2023-03-27,Phone,Electronics,10,199,South
1204,2023-03-03,Pen,Books,2,25,East
1205,2023-05-06,Book,Books,9,24,East
1206,2023-11-30,Headphones,Electronics,9,237,East
1207,2023-12-14,Notebook,Books,10,39,East
1208,2023-05-01,Pen,Books,9,22,South
1209,2023-11-22,Jeans,Apparel,5,154,East
1210,2023-04-27,Phone,Electronics,2,551,East
1211,2023-08-31,Pen,Books,3,14,North
1212,2023-01-21,T-shirt,Apparel,7,489,South
1213,2023-10-27,T-shirt,Apparel,4,176,South
1214,2023-05-19,Book,Books,6,5,South
1215,2023-11-06,Pen,Books,2,26,West
1216,2023-05-01,Notebook,Books,8,12,West
1217,2023-05-22,Book,Books,5,16,North
1218,2023-07-12,Pen,Books,3,5,East
1219,2023-03-26,Notebook,Books,6,45,East
1220,2023-01-20,Book,Books,7,17,North
1221,2023-01-22,T-shirt,Apparel,7,612,South
1222,2023-03-25,Headphones,Electronics,1,41,East
1223,2023-05-19,Headphones,Electronics,5,352,East
1224,2023-10-23,Notebook,Books,8,14,West
1225,2023-11-22,Shirt,Apparel,9,429,West
1226,2023-04-09,Notebook,Books,9,14,West
1227,2023-05-31,Notebook,Books,6,13,East
1228,2023-01-17,Headphones,Electronics,5,559,West
1229,2023-12-29,Book,Books,4,24,West
1230,2023-11-04,Headphones,Electronics,1,244,South
1231,2023-10-15,T-shirt,Apparel,6,402,North
1232,2023-12-23,Shirt,Apparel,4,671,West
1233,2023-08-25,Pen,Books,5,49,North
1234,2023-03-08,Shirt,Apparel,8,570,West
1235,2023-09-12,T-shirt,Apparel,5,243,East
1236,2023-03-20,T-shirt,Apparel,5,568,East
1237,2023-09-09,Headphones,Electronics,1,406,West
1238,2023-02-19,Phone,Electronics,3,449,East
1239,2023-03-05,Notebook,Books,4,48,East
1240,2023-12-07,Laptop,Electronics,10,118,West
1241,2023-07-18,Book,Books,5,47,South
1242,2023-03-06,Phone,Electronics,7,319,North
1243,2023-08-27,Pen,Books,2,7,North
1244,2023-09-30,Jeans,Apparel,10,783,South
1245,2023-05-24,Book,Books,6,13,East
1246,2023-06-30,Jeans,Apparel,5,256,West
1247,2023-09-13,Pen,Books,3,25,North
1248,2023-02-27,Book,Books,6,40,North
1249,2023-10-02,Headphones,Electronics,1,92,South
1250,2023-08-22,Notebook,Books,5,19,West
1251,2023-07-27,Pen,Books,10,47,East
1252,2023-10-30,Pen,Books,6,48,North
1253,2023-09-29,Phone,Electronics,7,585,South
1254,2023-09-08,Jeans,Apparel,9,630,South
1255,2023-05-14,Phone,Electronics,2,739,East
1256,2023-08-17,Shirt,Apparel,3,208,North
1257,2023-03-07,Notebook,Books,2,34,East
1258,2023-03-04,Shirt,Apparel,5,55,South
1259,2023-02-11,Laptop,Electronics,10,193,North
1260,2023-08-09,Phone,Electronics,7,242,South
1261,2023-08-17,Jeans,Apparel,5,396,South
1262,2023-02-04,Laptop,Electronics,9,510,North
1263,2023-05-25,Jeans,Apparel,5,482,West
1264,2023-08-11,T-shirt,Apparel,7,585,South
1265,2023-09-02,Book,Books,5,38,North
1266,2023-12-14,Shirt,Apparel,1,27,East
1267,2023-02-03,Laptop,Electronics,10,708,North
1268,2023-06-13,Book,Books,6,47,North
1269,2023-05-27,Laptop,Electronics,8,543,West
1270,2023-10-23,Shirt,Apparel,2,663,West
1271,2023-11-17,Notebook,Books,2,12,West
1272,2023-04-26,Phone,Electronics,2,640,West
1273,2023-03-08,Shirt,Apparel,1,238,West
1274,2023-04-01,Laptop,Electronics,3,374,West
1275,2023-06-10,Pen,Books,8,42,North
1276,2023-08-30,Notebook,Books,9,13,North
1277,2023-03-18,Pen,Books,5,19,South
1278,2023-05-17,Laptop,Electronics,5,482,South
1279,2023-03-18,Laptop,Electronics,5,626,North
1280,2023-05-21,Headphones,Electronics,2,753,South
1281,2023-08-14,Jeans,Apparel,7,231,West
1282,2023-06-15,Notebook,Books,5,17,North
1283,2023-08-03,Book,Books,8,37,West
1284,2023-09-17,Pen,Books,7,7,North
1285,2023-10-19,Notebook,Books,9,34,North
1286,2023-07-08,T-shirt,Apparel,8,760,North
1287,2023-04-15,Phone,Electronics,9,455,East
1288,2023-05-09,Phone,Electronics,9,653,South
1289,2023-12-25,Phone,Electronics,7,620,South
1290,2023-05-25,Pen,Books,3,35,East
1291,2023-11-24,Pen,Books,4,21,North
1292,2023-12-12,Book,Books,7,13,East
1293,2023-02-03,Laptop,Electronics,9,377,North
1294,2023-08-19,Pen,Books,3,42,West
1295,2023-08-14,T-shirt,Apparel,9,120,North
1296,2023-11-17,Shirt,Apparel,6,685,East
1297,2023-10-31,Phone,Electronics,7,288,West
1298,2023-12-11,Pen,Books,8,5,East
1299,2023-02-05,Notebook,Books,4,44,South
1300,2023-06-12,T-shirt,Apparel,1,708,North
1301,2023-01-05,T-shirt,Apparel,7,717,South
1302,2023-04-05,Jeans,Apparel,3,153,South
1303,2023-12-05,Book,Books,3,38,North
1304,2023-11-16,Book,Books,9,11,North
1305,2023-06-14,Phone,Electronics,5,79,East
1306,2023-07-30,Book,Books,8,13,East
1307,2023-09-16,Pen,Books,10,21,East
1308,2023-07-05,Notebook,Books,4,29,East
1309,2023-09-23,Notebook,Books,10,18,East
1310,2023-05-15,Pen,Books,5,48,West
1311,2023-03-08,Headphones,Electronics,10,696,South
1312,2023-10-22,Pen,Books,7,12,East
1313,2023-03-07,Phone,Electronics,1,36,West
1314,2023-04-23,Pen,Books,2,13,West
1315,2023-07-06,Headphones,Electronics,10,534,South
1316,2023-05-15,Shirt,Apparel,5,536,South
1317,2023-07-13,Pen,Books,7,50,North
1318,2023-10-13,Shirt,Apparel,1,271,North
1319,2023-04-29,Headphones,Electronics,2,12,East
1320,2023-07-09,Jeans,Apparel,1,537,North
1321,2023-04-25,Jeans,Apparel,10,458,East
1322,2023-03-09,Notebook,Books,5,10,North
1323,2023-10-30,Book,Books,7,12,South
1324,2023-11-22,Laptop,Electronics,5,564,East
1325,2023-04-04,Phone,Electronics,4,565,North
1326,2023-01-05,Shirt,Apparel,6,523,West
1327,2023-10-17,Headphones,Electronics,4,360,West
1328,2023-07-22,Book,Books,5,28,West
1329,2023-05-16,Notebook,Books,5,23,North
1330,2023-10-01,Laptop,Electronics,8,150,East
1331,2023-09-07,Headphones,Electronics,6,373,East
1332,2023-02-18,T-shirt,Apparel,4,495,North
1333,2023-05-27,T-shirt,Apparel,9,394,West
1334,2023-12-22,Notebook,Books,3,29,East
1335,2023-11-10,Headphones,Electronics,10,328,West
1336,2023-07-17,T-shirt,Apparel,1,325,West
1337,2023-09-09,Notebook,Books,10,20,North
1338,2023-03-21,Jeans,Apparel,5,418,East
1339,2023-07-03,Headphones,Electronics,9,573,North
1340,2023-08-29,Shirt,Apparel,7,353,South
1341,2023-09-13,Book,Books,1,5,West
1342,2023-07-31,Phone,Electronics,4,660,West
1343,2023-09-06,Headphones,Electronics,8,547,North
1344,2023-03-06,Book,Books,3,27,West
1345,2023-08-30,Pen,Books,8,37,East
1346,2023-11-15,Notebook,Books,8,50,West
1347,2023-03-02,Pen,Books,4,40,West
1348,2023-04-07,Notebook,Books,10,43,West
1349,2023-01-27,Book,Books,3,33,East
1350,2023-07-27,Shirt,Apparel,1,312,East
1351,2023-09-23,Notebook,Books,6,18,North
1352,2023-12-25,Laptop,Electronics,5,721,South
1353,2023-01-22,Jeans,Apparel,8,598,South
1354,2023-09-22,Notebook,Books,10,35,West
1355,2023-04-20,Book,Books,3,20,South
1356,2023-03-18,T-shirt,Apparel,1,725,East
1357,2023-11-04,Headphones,Electronics,3,100,North
1358,2023-03-07,Laptop,Electronics,2,148,West
1359,2023-10-25,Headphones,Electronics,7,530,North
1360,2023-07-30,Jeans,Apparel,7,629,North
1361,2023-07-05,Pen,Books,10,21,West
1362,2023-09-08,Notebook,Books,8,50,North
1363,2023-02-17,Shirt,Apparel,1,615,South
1364,2023-08-07,Shirt,Apparel,9,264,West
1365,2023-06-08,Headphones,Electronics,6,556,South
1366,2023-12-20,Book,Books,8,26,West
1367,2023-05-24,Shirt,Apparel,2,652,East
1368,2023-07-26,Headphones,Electronics,3,571,West
1369,2023-05-05,Phone,Electronics,9,334,North
1370,2023-11-23,Shirt,Apparel,2,772,North
1371,2023-05-18,Book,Books,2,12,North
1372,2023-10-02,Jeans,Apparel,9,740,South
1373,2023-03-22,Jeans,Apparel,5,372,South
1374,2023-05-18,Jeans,Apparel,2,133,West
1375,2023-07-25,Pen,Books,9,22,West
1376,2023-06-06,Laptop,Electronics,3,106,South
1377,2023-02-18,Book,Books,6,37,West
1378,2023-01-03,Pen,Books,4,45,North
1379,2023-03-10,Phone,Electronics,6,92,East
1380,2023-03-05,T-shirt,Apparel,3,168,North
1381,2023-12-03,Shirt,Apparel,5,720,South
1382,2023-12-16,Shirt,Apparel,7,484,East
1383,2023-03-26,Notebook,Books,1,6,North
1384,2023-11-03,Laptop,Electronics,5,477,West
1385,2023-05-02,Laptop,Electronics,3,779,North
1386,2023-08-28,Headphones,Electronics,4,286,East
1387,2023-08-19,T-shirt,Apparel,10,398,North
1388,2023-12-12,Notebook,Books,2,14,East
1389,2023-04-11,Jeans,Apparel,7,446,South
1390,2023-08-22,Shirt,Apparel,5,97,North
1391,2023-06-12,Laptop,Electronics,2,404,South
1392,2023-09-12,Laptop,Electronics,5,151,South
1393,2023-04-16,Notebook,Books,4,34,West
1394,2023-10-29,Notebook,Books,6,30,North
1395,2023-12-28,Phone,Electronics,4,66,North
1396,2023-07-02,Laptop,Electronics,5,628,North
1397,2023-03-16,Shirt,Apparel,7,517,South
1398,2023-12-23,Headphones,Electronics,6,778,South
1399,2023-12-31,Laptop,Electronics,1,298,East
1400,2023-11-02,Pen,Books,4,30,North
1401,2023-01-04,T-shirt,Apparel,3,38,East
1402,2023-12-08,Phone,Electronics,3,384,West
1403,2023-08-04,Shirt,Apparel,4,523,South
1404,2023-07-16,Phone,Electronics,10,284,North
1405,2023-01-26,Phone,Electronics,6,570,North
1406,2023-12-11,Pen,Books,1,49,East
1407,2023-12-17,Pen,Books,10,38,West
1408,2023-03-06,Notebook,Books,2,10,East
1409,2023-03-30,Jeans,Apparel,10,37,North
1410,2023-12-13,T-shirt,Apparel,8,322,West
1411,2023-10-10,Book,Books,2,50,East
1412,2023-09-19,Shirt,Apparel,2,135,South
1413,2023-01-18,Notebook,Books,10,46,West
1414,2023-01-16,Jeans,Apparel,1,76,South
1415,2023-10-02,Book,Books,9,14,South
1416,2023-12-13,Laptop,Electronics,7,520,West
1417,2023-05-04,Headphones,Electronics,8,578,North
1418,2023-08-09,Phone,Electronics,10,253,East
1419,2023-08-28,Laptop,Electronics,2,514,North
1420,2023-03-19,T-shirt,Apparel,3,737,South
1421,2023-01-07,Headphones,Electronics,10,110,West
1422,2023-01-23,Phone,Electronics,9,212,South
1423,2023-04-29,Pen,Books,8,12,North
1424,2023-09-19,Shirt,Apparel,8,573,North
1425,2023-10-08,T-shirt,Apparel,10,279,North
1426,2023-05-09,Pen,Books,4,20,South
1427,2023-01-26,Phone,Electronics,7,31,North
1428,2023-01-12,Phone,Electronics,2,173,West
1429,2023-02-12,Headphones,Electronics,9,597,West
1430,2023-09-28,T-shirt,Apparel,9,598,North
1431,2023-12-25,T-shirt,Apparel,2,518,South
1432,2023-02-05,Pen,Books,10,17,West
1433,2023-10-20,Pen,Books,1,11,North
1434,2023-01-05,T-shirt,Apparel,3,225,North
1435,2023-03-19,T-shirt,Apparel,5,46,West
1436,2023-06-30,Phone,Electronics,4,646,West
1437,2023-07-06,Headphones,Electronics,6,791,West
1438,2023-06-01,Notebook,Books,2,40,North
1439,2023-09-01,Shirt,Apparel,10,328,East
1440,2023-08-19,Phone,Electronics,3,449,West
1441,2023-02-22,Book,Books,2,45,East
1442,2023-04-10,Pen,Books,5,11,East
1443,2023-04-10,Laptop,Electronics,7,626,West
1444,2023-02-03,Phone,Electronics,6,327,East
1445,2023-04-23,Book,Books,9,18,East
1446,2023-12-17,Book,Books,2,22,East
1447,2023-07-20,Shirt,Apparel,2,729,North
1448,2023-12-23,Notebook,Books,3,45,South
1449,2023-06-16,Book,Books,3,44,West
1450,2023-01-16,Shirt,Apparel,6,707,East
1451,2023-02-23,Shirt,Apparel,9,165,East
1452,2023-01-02,Book,Books,9,9,West
1453,2023-06-02,T-shirt,Apparel,10,740,North
1454,2023-10-27,Book,Books,7,5,North
1455,2023-06-04,Laptop,Electronics,8,207,South
1456,2023-02-26,T-shirt,Apparel,9,555,North
1457,2023-07-02,T-shirt,Apparel,1,314,South
1458,2023-01-13,Phone,Electronics,10,322,East
1459,2023-12-30,Laptop,Electronics,3,493,East
1460,2023-02-24,Book,Books,6,30,West
1461,2023-08-17,Book,Books,8,30,East
1462,2023-01-20,Shirt,Apparel,1,779,North
1463,2023-11-08,Shirt,Apparel,5,796,South
1464,2023-01-31,Headphones,Electronics,3,87,South
1465,2023-06-25,Laptop,Electronics,5,445,West
1466,2023-11-30,Jeans,Apparel,7,239,North
1467,2023-02-04,Shirt,Apparel,8,516,West
1468,2023-02-08,Headphones,Electronics,3,66,North
1469,2023-11-05,Notebook,Books,10,50,West
1470,2023-10-21,Notebook,Books,10,32,West
1471,2023-10-25,Book,Books,8,35,West
1472,2023-03-14,Notebook,Books,9,39,East
1473,2023-04-18,Headphones,Electronics,6,450,North
1474,2023-03-08,Pen,Books,7,9,North
1475,2023-02-03,Headphones,Electronics,1,559,South
1476,2023-10-24,Shirt,Apparel,6,742,North
1477,2023-04-04,Notebook,Books,4,23,West
1478,2023-12-07,Pen,Books,10,44,West
1479,2023-05-27,Shirt,Apparel,9,739,East
1480,2023-05-29,Pen,Books,6,27,North
1481,2023-11-02,Phone,Electronics,8,566,West
1482,2023-10-26,Pen,Books,1,10,West
1483,2023-02-05,Headphones,Electronics,4,677,West
1484,2023-12-30,Phone,Electronics,7,109,West
1485,2023-06-02,Phone,Electronics,4,149,North
1486,2023-01-03,Pen,Books,1,47,North
1487,2023-03-11,Shirt,Apparel,10,54,East
1488,2023-06-17,Laptop,Electronics,3,48,South
1489,2023-09-11,Laptop,Electronics,8,692,South
1490,2023-02-25,Phone,Electronics,7,279,West
1491,2023-07-22,Headphones,Electronics,8,472,West
1492,2023-05-12,Phone,Electronics,3,693,West
1493,2023-03-02,Book,Books,9,28,South
1494,2023-07-03,Pen,Books,8,18,North
1495,2023-05-27,Notebook,Books,3,8,West
1496,2023-05-22,Pen,Books,10,46,South
1497,2023-01-06,Laptop,Electronics,9,690,West
1498,2023-12-30,Notebook,Books,5,12,West
1499,2023-06-04,Phone,Electronics,2,317,South
1500,2023-06-16,Laptop,Electronics,4,659,North
